{
    "freshness_N": [
        1,
        10,
        100,
        1000
    ],
    "max_data_loss_MB": [
        0.00390625,
        0.0390625,
        0.390625,
        3.90625
    ],
    "recovery_time_ms": [
        15.1,
        16.0,
        25.0,
        115.0
    ],
    "false_accept_rate": [
        0.0,
        0.0,
        0.0,
        0.0
    ]
}