backend,median_ms,p95_ms,min_ms,max_ms
file,3.1450695,3.5601654,3.004194,3.719028
