backend,median_ms,p95_ms,min_ms,max_ms
file,185.199253,234.41732924999997,161.782034,253.522869
