{
  "rows": [
    {
      "backend": "file",
      "samples_ms": [
        3.719028,
        3.345287,
        3.366,
        3.077556,
        3.149519,
        3.091472,
        3.14062,
        3.004194,
        3.097343,
        3.231027
      ],
      "median_ms": 3.1450695,
      "p95_ms": 3.5601654,
      "min_ms": 3.004194,
      "max_ms": 3.719028
    }
  ],
  "skipped": []
}