mode,trial,duration_s,engine,count,p50_ms,p95_ms,p99_ms,mean_ms,stdev_ms
yolov8:inference_only,0,5,/home/thor/skim/pqc_encrpyted_fs/artifacts/yolov8n.plan,3952,0.8292319253087044,0.9993104729801416,1.0409507062286139,0.8510280000366391,0.08180631774047989
yolov8:cpu_only,0,5,/home/thor/skim/pqc_encrpyted_fs/artifacts/yolov8n.plan,3989,0.8313525468111038,0.8970385417342186,0.9146280586719513,0.8403001314388179,0.029711895140093474
yolov8:gpu_only,0,5,/home/thor/skim/pqc_encrpyted_fs/artifacts/yolov8n.plan,4002,0.8231475949287415,0.8861292153596878,0.8991487231105566,0.8308050361858017,0.028820078552572643
yolov8:adaptive,0,5,/home/thor/skim/pqc_encrpyted_fs/artifacts/yolov8n.plan,4018,0.8262870833277702,0.8933981880545616,0.9105698857456446,0.8346460001230714,0.030492861126671367
