{
  "fio version" : "fio-3.36",
  "timestamp" : 1782307565,
  "timestamp_ms" : 1782307565028,
  "time" : "Wed Jun 24 22:26:05 2026",
  "jobs" : [
    {
      "jobname" : "seqwrite_dm",
      "groupid" : 0,
      "job_start" : 1782307564008,
      "error" : 0,
      "eta" : 2147483647,
      "elapsed" : 2,
      "job options" : {
        "name" : "seqwrite_dm",
        "ioengine" : "libaio",
        "rw" : "write",
        "bs" : "1M",
        "size" : "2G",
        "numjobs" : "1",
        "iodepth" : "16",
        "directory" : "mnt_dm"
      },
      "read" : {
        "io_bytes" : 0,
        "io_kbytes" : 0,
        "bw_bytes" : 0,
        "bw" : 0,
        "iops" : 0.000000,
        "runtime" : 0,
        "total_ios" : 0,
        "short_ios" : 0,
        "drop_ios" : 0,
        "slat_ns" : {
          "min" : 0,
          "max" : 0,
          "mean" : 0.000000,
          "stddev" : 0.000000,
          "N" : 0
        },
        "clat_ns" : {
          "min" : 0,
          "max" : 0,
          "mean" : 0.000000,
          "stddev" : 0.000000,
          "N" : 0
        },
        "lat_ns" : {
          "min" : 0,
          "max" : 0,
          "mean" : 0.000000,
          "stddev" : 0.000000,
          "N" : 0
        },
        "bw_min" : 0,
        "bw_max" : 0,
        "bw_agg" : 0.000000,
        "bw_mean" : 0.000000,
        "bw_dev" : 0.000000,
        "bw_samples" : 0,
        "iops_min" : 0,
        "iops_max" : 0,
        "iops_mean" : 0.000000,
        "iops_stddev" : 0.000000,
        "iops_samples" : 0
      },
      "write" : {
        "io_bytes" : 2147483648,
        "io_kbytes" : 2097152,
        "bw_bytes" : 2326634504,
        "bw" : 2272104,
        "iops" : 2218.851571,
        "runtime" : 923,
        "total_ios" : 2048,
        "short_ios" : 0,
        "drop_ios" : 0,
        "slat_ns" : {
          "min" : 372223,
          "max" : 3787050,
          "mean" : 448246.072754,
          "stddev" : 113407.293380,
          "N" : 2048
        },
        "clat_ns" : {
          "min" : 2556,
          "max" : 10131888,
          "mean" : 6728010.225586,
          "stddev" : 470148.873034,
          "N" : 2048,
          "percentile" : {
            "1.000000" : 6258688,
            "5.000000" : 6455296,
            "10.000000" : 6520832,
            "20.000000" : 6651904,
            "30.000000" : 6651904,
            "40.000000" : 6717440,
            "50.000000" : 6717440,
            "60.000000" : 6782976,
            "70.000000" : 6782976,
            "80.000000" : 6782976,
            "90.000000" : 6848512,
            "95.000000" : 6914048,
            "99.000000" : 7962624,
            "99.500000" : 9895936,
            "99.900000" : 10158080,
            "99.950000" : 10158080,
            "99.990000" : 10158080
          }
        },
        "lat_ns" : {
          "min" : 625103,
          "max" : 10542435,
          "mean" : 7176256.298340,
          "stddev" : 470220.824359,
          "N" : 2048
        },
        "bw_min" : 2234368,
        "bw_max" : 2234368,
        "bw_agg" : 98.339160,
        "bw_mean" : 2234368.000000,
        "bw_dev" : 0.000000,
        "bw_samples" : 1,
        "iops_min" : 2182,
        "iops_max" : 2182,
        "iops_mean" : 2182.000000,
        "iops_stddev" : 0.000000,
        "iops_samples" : 1
      },
      "trim" : {
        "io_bytes" : 0,
        "io_kbytes" : 0,
        "bw_bytes" : 0,
        "bw" : 0,
        "iops" : 0.000000,
        "runtime" : 0,
        "total_ios" : 0,
        "short_ios" : 0,
        "drop_ios" : 0,
        "slat_ns" : {
          "min" : 0,
          "max" : 0,
          "mean" : 0.000000,
          "stddev" : 0.000000,
          "N" : 0
        },
        "clat_ns" : {
          "min" : 0,
          "max" : 0,
          "mean" : 0.000000,
          "stddev" : 0.000000,
          "N" : 0
        },
        "lat_ns" : {
          "min" : 0,
          "max" : 0,
          "mean" : 0.000000,
          "stddev" : 0.000000,
          "N" : 0
        },
        "bw_min" : 0,
        "bw_max" : 0,
        "bw_agg" : 0.000000,
        "bw_mean" : 0.000000,
        "bw_dev" : 0.000000,
        "bw_samples" : 0,
        "iops_min" : 0,
        "iops_max" : 0,
        "iops_mean" : 0.000000,
        "iops_stddev" : 0.000000,
        "iops_samples" : 0
      },
      "sync" : {
        "total_ios" : 0,
        "lat_ns" : {
          "min" : 0,
          "max" : 0,
          "mean" : 0.000000,
          "stddev" : 0.000000,
          "N" : 0
        }
      },
      "job_runtime" : 922,
      "usr_cpu" : 7.700651,
      "sys_cpu" : 91.648590,
      "ctx" : 17,
      "majf" : 0,
      "minf" : 12,
      "iodepth_level" : {
        "1" : 0.100000,
        "2" : 0.100000,
        "4" : 0.195312,
        "8" : 0.390625,
        "16" : 99.267578,
        "32" : 0.000000,
        ">=64" : 0.000000
      },
      "iodepth_submit" : {
        "0" : 0.000000,
        "4" : 100.000000,
        "8" : 0.000000,
        "16" : 0.000000,
        "32" : 0.000000,
        "64" : 0.000000,
        ">=64" : 0.000000
      },
      "iodepth_complete" : {
        "0" : 0.000000,
        "4" : 99.950836,
        "8" : 0.000000,
        "16" : 0.100000,
        "32" : 0.000000,
        "64" : 0.000000,
        ">=64" : 0.000000
      },
      "latency_ns" : {
        "2" : 0.000000,
        "4" : 0.000000,
        "10" : 0.000000,
        "20" : 0.000000,
        "50" : 0.000000,
        "100" : 0.000000,
        "250" : 0.000000,
        "500" : 0.000000,
        "750" : 0.000000,
        "1000" : 0.000000
      },
      "latency_us" : {
        "2" : 0.000000,
        "4" : 0.048828,
        "10" : 0.000000,
        "20" : 0.000000,
        "50" : 0.000000,
        "100" : 0.000000,
        "250" : 0.000000,
        "500" : 0.000000,
        "750" : 0.048828,
        "1000" : 0.000000
      },
      "latency_ms" : {
        "2" : 0.097656,
        "4" : 0.244141,
        "10" : 99.365234,
        "20" : 0.195312,
        "50" : 0.000000,
        "100" : 0.000000,
        "250" : 0.000000,
        "500" : 0.000000,
        "750" : 0.000000,
        "1000" : 0.000000,
        "2000" : 0.000000,
        ">=2000" : 0.000000
      },
      "latency_depth" : 16,
      "latency_target" : 0,
      "latency_percentile" : 100.000000,
      "latency_window" : 0
    }
  ],
  "disk_util" : [
    {
      "name" : "dm-1",
      "read_ios" : 0,
      "write_ios" : 0,
      "read_sectors" : 0,
      "write_sectors" : 0,
      "read_merges" : 0,
      "write_merges" : 0,
      "read_ticks" : 0,
      "write_ticks" : 0,
      "in_queue" : 0,
      "util" : 0.000000,
      "aggr_read_ios" : 0,
      "aggr_write_ios" : 2,
      "aggr_read_sectors" : 0,
      "aggr_write_sectors" : 4088,
      "aggr_read_merges" : 0,
      "aggr_write_merge" : 0,
      "aggr_read_ticks" : 0,
      "aggr_write_ticks" : 3,
      "aggr_in_queue" : 3,
      "aggr_util" : 0.356506
    },
    {
      "name" : "loop11",
      "read_ios" : 0,
      "write_ios" : 2,
      "read_sectors" : 0,
      "write_sectors" : 4088,
      "read_merges" : 0,
      "write_merges" : 0,
      "read_ticks" : 0,
      "write_ticks" : 3,
      "in_queue" : 3,
      "util" : 0.356506
    }
  ]
}
