{
  "fio version" : "fio-3.36",
  "timestamp" : 1782307566,
  "timestamp_ms" : 1782307566331,
  "time" : "Wed Jun 24 22:26:06 2026",
  "jobs" : [
    {
      "jobname" : "seqwrite_fs",
      "groupid" : 0,
      "job_start" : 1782307565333,
      "error" : 0,
      "eta" : 2147483647,
      "elapsed" : 2,
      "job options" : {
        "name" : "seqwrite_fs",
        "ioengine" : "libaio",
        "rw" : "write",
        "bs" : "1M",
        "size" : "2G",
        "numjobs" : "1",
        "iodepth" : "16",
        "directory" : "mnt_fs"
      },
      "read" : {
        "io_bytes" : 0,
        "io_kbytes" : 0,
        "bw_bytes" : 0,
        "bw" : 0,
        "iops" : 0.000000,
        "runtime" : 0,
        "total_ios" : 0,
        "short_ios" : 0,
        "drop_ios" : 0,
        "slat_ns" : {
          "min" : 0,
          "max" : 0,
          "mean" : 0.000000,
          "stddev" : 0.000000,
          "N" : 0
        },
        "clat_ns" : {
          "min" : 0,
          "max" : 0,
          "mean" : 0.000000,
          "stddev" : 0.000000,
          "N" : 0
        },
        "lat_ns" : {
          "min" : 0,
          "max" : 0,
          "mean" : 0.000000,
          "stddev" : 0.000000,
          "N" : 0
        },
        "bw_min" : 0,
        "bw_max" : 0,
        "bw_agg" : 0.000000,
        "bw_mean" : 0.000000,
        "bw_dev" : 0.000000,
        "bw_samples" : 0,
        "iops_min" : 0,
        "iops_max" : 0,
        "iops_mean" : 0.000000,
        "iops_stddev" : 0.000000,
        "iops_samples" : 0
      },
      "write" : {
        "io_bytes" : 2147483648,
        "io_kbytes" : 2097152,
        "bw_bytes" : 2309122202,
        "bw" : 2255002,
        "iops" : 2202.150538,
        "runtime" : 930,
        "total_ios" : 2048,
        "short_ios" : 0,
        "drop_ios" : 0,
        "slat_ns" : {
          "min" : 322833,
          "max" : 1458194,
          "mean" : 451525.922363,
          "stddev" : 99504.318335,
          "N" : 2048
        },
        "clat_ns" : {
          "min" : 2565,
          "max" : 8890731,
          "mean" : 6783364.393555,
          "stddev" : 677221.532168,
          "N" : 2048,
          "percentile" : {
            "1.000000" : 5275648,
            "5.000000" : 5537792,
            "10.000000" : 5931008,
            "20.000000" : 6520832,
            "30.000000" : 6651904,
            "40.000000" : 6717440,
            "50.000000" : 6848512,
            "60.000000" : 6979584,
            "70.000000" : 7110656,
            "80.000000" : 7176192,
            "90.000000" : 7241728,
            "95.000000" : 7503872,
            "99.000000" : 8454144,
            "99.500000" : 8585216,
            "99.900000" : 8847360,
            "99.950000" : 8847360,
            "99.990000" : 8847360
          }
        },
        "lat_ns" : {
          "min" : 539648,
          "max" : 9393898,
          "mean" : 7234890.315918,
          "stddev" : 704052.474072,
          "N" : 2048
        },
        "bw_min" : 2197504,
        "bw_max" : 2197504,
        "bw_agg" : 97.450195,
        "bw_mean" : 2197504.000000,
        "bw_dev" : 0.000000,
        "bw_samples" : 1,
        "iops_min" : 2146,
        "iops_max" : 2146,
        "iops_mean" : 2146.000000,
        "iops_stddev" : 0.000000,
        "iops_samples" : 1
      },
      "trim" : {
        "io_bytes" : 0,
        "io_kbytes" : 0,
        "bw_bytes" : 0,
        "bw" : 0,
        "iops" : 0.000000,
        "runtime" : 0,
        "total_ios" : 0,
        "short_ios" : 0,
        "drop_ios" : 0,
        "slat_ns" : {
          "min" : 0,
          "max" : 0,
          "mean" : 0.000000,
          "stddev" : 0.000000,
          "N" : 0
        },
        "clat_ns" : {
          "min" : 0,
          "max" : 0,
          "mean" : 0.000000,
          "stddev" : 0.000000,
          "N" : 0
        },
        "lat_ns" : {
          "min" : 0,
          "max" : 0,
          "mean" : 0.000000,
          "stddev" : 0.000000,
          "N" : 0
        },
        "bw_min" : 0,
        "bw_max" : 0,
        "bw_agg" : 0.000000,
        "bw_mean" : 0.000000,
        "bw_dev" : 0.000000,
        "bw_samples" : 0,
        "iops_min" : 0,
        "iops_max" : 0,
        "iops_mean" : 0.000000,
        "iops_stddev" : 0.000000,
        "iops_samples" : 0
      },
      "sync" : {
        "total_ios" : 0,
        "lat_ns" : {
          "min" : 0,
          "max" : 0,
          "mean" : 0.000000,
          "stddev" : 0.000000,
          "N" : 0
        }
      },
      "job_runtime" : 929,
      "usr_cpu" : 4.413348,
      "sys_cpu" : 94.833154,
      "ctx" : 24,
      "majf" : 0,
      "minf" : 12,
      "iodepth_level" : {
        "1" : 0.100000,
        "2" : 0.100000,
        "4" : 0.195312,
        "8" : 0.390625,
        "16" : 99.267578,
        "32" : 0.000000,
        ">=64" : 0.000000
      },
      "iodepth_submit" : {
        "0" : 0.000000,
        "4" : 100.000000,
        "8" : 0.000000,
        "16" : 0.000000,
        "32" : 0.000000,
        "64" : 0.000000,
        ">=64" : 0.000000
      },
      "iodepth_complete" : {
        "0" : 0.000000,
        "4" : 99.950836,
        "8" : 0.000000,
        "16" : 0.100000,
        "32" : 0.000000,
        "64" : 0.000000,
        ">=64" : 0.000000
      },
      "latency_ns" : {
        "2" : 0.000000,
        "4" : 0.000000,
        "10" : 0.000000,
        "20" : 0.000000,
        "50" : 0.000000,
        "100" : 0.000000,
        "250" : 0.000000,
        "500" : 0.000000,
        "750" : 0.000000,
        "1000" : 0.000000
      },
      "latency_us" : {
        "2" : 0.000000,
        "4" : 0.048828,
        "10" : 0.000000,
        "20" : 0.000000,
        "50" : 0.000000,
        "100" : 0.000000,
        "250" : 0.000000,
        "500" : 0.000000,
        "750" : 0.048828,
        "1000" : 0.048828
      },
      "latency_ms" : {
        "2" : 0.146484,
        "4" : 0.292969,
        "10" : 99.414062,
        "20" : 0.000000,
        "50" : 0.000000,
        "100" : 0.000000,
        "250" : 0.000000,
        "500" : 0.000000,
        "750" : 0.000000,
        "1000" : 0.000000,
        "2000" : 0.000000,
        ">=2000" : 0.000000
      },
      "latency_depth" : 16,
      "latency_target" : 0,
      "latency_percentile" : 100.000000,
      "latency_window" : 0
    }
  ],
  "disk_util" : [
    {
      "name" : "loop12",
      "read_ios" : 0,
      "write_ios" : 0,
      "read_sectors" : 0,
      "write_sectors" : 0,
      "read_merges" : 0,
      "write_merges" : 0,
      "read_ticks" : 0,
      "write_ticks" : 0,
      "in_queue" : 0,
      "util" : 0.000000
    }
  ]
}
