backend,median_ms,p95_ms,min_ms,max_ms
file,237.062834,242.02145760000002,232.576225,244.496418
