{
  "rows": [
    {
      "backend": "hardware",
      "samples_ms": [
        32.772267,
        9.415056,
        9.099343,
        8.848546,
        9.450527
      ],
      "median_ms": 9.415056,
      "p95_ms": 28.107919,
      "min_ms": 8.848546,
      "max_ms": 32.772267
    }
  ]
}